,Player,Pos,Age,Tm,G,GS,MP,FG,FGA,FG%,3P,3PA,3P%,2P,2PA,2P%,eFG%,FT,FTA,FT%,ORB,DRB,TRB,AST,STL,BLK,TOV,PF,PTS
6,Nickeil Alexander-Walker,SG,23,NOP,50,19,26.3,4.7,12.6,.375,1.9,6.1,.311,2.8,6.5,.434,.450,1.4,1.9,.722,0.7,2.6,3.3,2.8,0.8,0.4,1.7,1.8,12.8
7,Nickeil Alexander-Walker,SG,23,UTA,15,2,9.9,1.1,3.2,.333,0.7,2.2,.303,0.4,1.0,.400,.438,0.7,0.8,.917,0.1,1.5,1.5,1.1,0.3,0.3,0.5,1.0,3.5
8,Grayson Allen,SG,26,MIL,66,61,27.3,3.9,8.6,.448,2.4,5.9,.409,1.5,2.7,.533,.588,1.0,1.1,.865,0.5,2.9,3.4,1.5,0.7,0.3,0.7,1.5,11.1
27,Joel Ayayi,SG,21,WAS,7,0,2.9,0.1,0.9,.167,0.0,0.1,.000,0.1,0.7,.200,.167,0.0,0.0,0,0.1,0.3,0.4,0.6,0.0,0.0,0.0,0.0,0.3
42,Will Barton,SG,31,DEN,71,71,32.1,5.5,12.6,.438,2.2,6.1,.365,3.3,6.6,.504,.525,1.4,1.8,.803,0.6,4.2,4.8,3.9,0.8,0.4,1.8,1.6,14.7
50,Bradley Beal,SG,28,WAS,40,40,36.0,8.7,19.3,.451,1.6,5.3,.300,7.1,14.0,.508,.492,4.2,5.1,.833,1.0,3.8,4.7,6.6,0.9,0.4,3.4,2.4,23.2
51,Malik Beasley,SG,25,MIN,79,18,25.0,4.2,10.8,.391,3.0,8.1,.377,1.2,2.7,.432,.532,0.6,0.8,.817,0.3,2.5,2.9,1.5,0.5,0.2,0.5,1.1,12.1
67,Bogdan Bogdanović,SG,29,ATL,63,27,29.3,5.4,12.6,.431,2.7,7.3,.368,2.7,5.3,.516,.537,1.5,1.8,.843,0.5,3.5,4.0,3.1,1.1,0.2,1.1,2.1,15.1
72,Devin Booker,SG,25,PHO,68,68,34.5,9.7,20.9,.466,2.7,7.0,.383,7.0,13.9,.508,.530,4.6,5.3,.868,0.7,4.4,5.0,4.8,1.1,0.4,2.4,2.6,26.8
73,Brandon Boston Jr.,SG,20,LAC,51,0,14.9,2.5,6.4,.385,0.7,2.2,.306,1.8,4.2,.425,.437,1.2,1.4,.819,0.3,1.8,2.2,1.0,0.5,0.3,0.6,0.8,6.7
76,James Bouknight,SG,21,CHO,31,0,9.8,1.6,4.5,.348,0.5,1.6,.347,1.0,3.0,.348,.408,0.9,1.0,.871,0.7,1.0,1.7,0.8,0.2,0.0,0.5,0.9,4.6
77,Avery Bradley,SG,31,LAL,62,45,22.7,2.4,5.6,.423,1.3,3.4,.390,1.1,2.3,.471,.540,0.3,0.3,.889,0.5,1.7,2.2,0.8,0.9,0.1,0.6,1.9,6.4
85,Armoni Brooks,SG,23,HOU,41,8,16.8,2.1,6.1,.347,1.6,5.2,.300,0.6,0.9,.605,.474,0.4,0.5,.842,0.3,1.7,2.0,1.2,0.5,0.2,0.6,1.5,6.2
90,Charlie Brown Jr.,SG,24,DAL,3,0,5.0,0.3,1.7,.200,0.0,1.0,.000,0.3,0.7,.500,.200,0.0,0.0,0,0.0,0.3,0.3,0.3,0.7,0.3,0.0,0.7,0.7
91,Charlie Brown Jr.,SG,24,PHI,19,2,8.5,0.5,1.8,.265,0.1,0.5,.111,0.4,1.3,.320,.279,0.5,0.5,.900,0.7,0.9,1.6,0.3,0.4,0.2,0.3,0.8,1.5
94,Chaundee Brown Jr.,SG,23,ATL,3,2,27.7,3.0,8.3,.360,2.0,5.0,.400,1.0,3.3,.300,.480,1.7,2.0,.833,0.3,4.3,4.7,1.3,0.7,0.0,0.0,2.3,9.7
100,Sterling Brown,SG,26,DAL,49,3,12.8,1.2,3.2,.381,0.6,1.9,.304,0.6,1.3,.492,.471,0.3,0.3,.933,0.5,2.5,3.0,0.7,0.3,0.1,0.5,1.1,3.3
102,Jalen Brunson,SG,25,DAL,79,61,31.9,6.4,12.8,.502,1.2,3.2,.373,5.2,9.6,.545,.549,2.3,2.7,.840,0.5,3.4,3.9,4.8,0.8,0.0,1.6,1.9,16.3
108,Alec Burks,SG,30,NYK,81,44,28.6,3.5,9.0,.391,1.9,4.8,.404,1.6,4.2,.378,.499,2.7,3.3,.822,0.6,4.3,4.9,3.0,1.0,0.3,1.1,2.7,11.7
109,Jared Butler,SG,21,UTA,42,1,8.6,1.5,3.6,.404,0.7,2.1,.318,0.8,1.5,.524,.497,0.3,0.4,.688,0.1,1.0,1.1,1.5,0.4,0.2,0.8,1.1,3.8
112,Kentavious Caldwell-Pope,SG,28,WAS,77,77,30.2,4.7,10.8,.435,2.1,5.3,.390,2.6,5.5,.480,.531,1.8,2.0,.890,0.5,2.9,3.4,1.9,1.1,0.3,1.3,1.8,13.2
124,Alex Caruso,SG,27,CHI,41,18,28.0,2.5,6.2,.398,1.0,3.1,.333,1.5,3.2,.462,.480,1.4,1.8,.795,0.8,2.8,3.6,4.0,1.7,0.4,1.4,2.6,7.4
128,Ahmad Caver,SG,25,IND,1,0,1.0,1.0,1.0,1.000,0.0,0.0,0,1.0,1.0,1.000,1.000,0.0,0.0,0,0.0,0.0,0.0,0.0,0.0,0.0,0.0,0.0,2.0
134,Josh Christopher,SG,20,HOU,74,2,18.0,3.0,6.8,.448,0.8,2.6,.296,2.3,4.2,.540,.504,1.1,1.5,.735,0.7,1.8,2.5,2.0,0.9,0.2,1.5,1.3,7.9
137,Jordan Clarkson,SG,29,UTA,79,1,27.1,5.9,14.1,.419,2.4,7.6,.318,3.5,6.5,.535,.504,1.8,2.2,.828,0.8,2.6,3.5,2.5,0.8,0.2,1.6,1.9,16.0
139,Amir Coffey,SG,24,LAC,69,30,22.7,3.1,6.8,.453,1.4,3.7,.378,1.7,3.1,.542,.556,1.5,1.7,.863,0.4,2.5,2.9,1.8,0.6,0.2,0.7,1.3,9.0
160,Jarron Cumberland,SG,24,POR,3,0,4.0,0.3,0.7,.500,0.0,0.3,.000,0.3,0.3,1.000,.500,0.0,0.0,0,0.3,0.7,1.0,0.3,0.0,0.0,0.0,0.7,0.7
161,Cade Cunningham,SG,20,DET,64,64,32.6,6.7,16.1,.416,1.8,5.7,.314,4.9,10.4,.472,.471,2.2,2.6,.845,0.9,4.6,5.5,5.6,1.2,0.7,3.7,3.1,17.4
163,Seth Curry,SG,31,PHI,45,45,34.8,5.7,11.7,.485,2.2,5.6,.400,3.5,6.2,.561,.580,1.4,1.6,.877,0.4,3.0,3.4,4.0,0.8,0.2,1.9,2.2,15.0
164,Seth Curry,SG,31,BRK,19,19,29.9,5.5,11.1,.493,3.1,6.5,.468,2.4,4.6,.529,.630,0.9,1.1,.857,0.2,2.4,2.6,2.6,0.9,0.2,1.3,2.5,14.9
168,Terence Davis,SG,24,SAC,30,11,17.9,3.8,8.9,.423,1.6,5.0,.329,2.1,3.9,.542,.515,1.2,1.5,.818,0.4,2.8,3.1,1.3,0.8,0.4,1.1,2.3,10.4
176,Hamidou Diallo,SG,23,DET,58,29,21.9,4.5,9.1,.496,0.4,1.6,.247,4.1,7.5,.550,.518,1.6,2.4,.650,1.2,3.6,4.8,1.3,1.2,0.3,1.0,2.5,11.0
182,Donte DiVincenzo,SG,25,MIL,17,0,20.1,2.3,6.9,.331,1.2,4.4,.284,1.1,2.6,.409,.419,1.4,1.6,.852,1.1,2.5,3.5,1.7,0.6,0.2,1.6,1.5,7.2
183,Donte DiVincenzo,SG,25,SAC,25,1,26.6,3.2,8.7,.362,2.1,5.8,.368,1.0,3.0,.351,.484,1.9,2.2,.839,0.9,3.5,4.4,3.6,1.5,0.2,1.8,1.7,10.3
186,Luguentz Dort,SG,22,OKC,51,51,32.6,5.7,14.2,.404,2.5,7.7,.332,3.2,6.6,.487,.493,3.2,3.7,.843,0.7,3.4,4.2,1.7,0.9,0.4,1.7,2.9,17.2
187,Ayo Dosunmu,SG,22,CHI,77,40,27.4,3.6,6.9,.520,0.9,2.4,.376,2.7,4.5,.596,.585,0.7,1.0,.679,0.4,2.4,2.8,3.3,0.8,0.4,1.4,2.4,8.8
188,Damyean Dotson,SG,27,NYK,2,0,10.5,1.0,2.0,.500,0.0,0.5,.000,1.0,1.5,.667,.500,0.0,0.0,0,0.0,1.0,1.0,0.5,0.0,0.0,0.0,0.0,2.0
195,PJ Dozier,SG,25,DEN,18,0,18.9,2.0,5.5,.364,0.8,2.7,.313,1.2,2.8,.412,.439,0.6,0.7,.769,0.8,2.7,3.5,1.6,0.6,0.3,0.7,1.8,5.4
202,Chris Duarte,SG,24,IND,55,39,28.0,4.9,11.3,.432,1.7,4.6,.369,3.2,6.7,.475,.507,1.6,2.0,.804,0.7,3.4,4.1,2.1,1.0,0.2,1.6,1.7,13.1
207,Anthony Edwards,SG,20,MIN,72,72,34.3,7.6,17.3,.441,3.0,8.4,.357,4.6,8.9,.519,.527,3.1,3.9,.786,0.9,3.9,4.8,3.8,1.5,0.6,2.6,2.3,21.3
208,Carsen Edwards,SG,23,DET,4,0,19.8,2.3,7.5,.300,1.0,4.0,.250,1.3,3.5,.357,.367,0.3,0.3,1.000,0.5,1.0,1.5,3.5,0.5,0.0,1.3,1.0,5.8
210,Rob Edwards,SG,25,OKC,2,0,5.5,0.5,2.0,.250,0.5,2.0,.250,0.0,0.0,0,.375,0.0,0.0,0,0.0,1.5,1.5,0.0,0.0,0.0,0.5,0.0,1.5
213,Wayne Ellington,SG,34,LAL,43,9,18.8,2.3,5.5,.414,1.9,4.9,.389,0.4,0.6,.615,.586,0.2,0.3,.818,0.2,1.6,1.8,0.7,0.5,0.1,0.4,1.0,6.7
233,Bryn Forbes,SG,28,SAS,40,1,16.9,3.2,7.4,.432,1.6,3.8,.417,1.6,3.6,.448,.539,1.1,1.2,.898,0.1,1.5,1.6,1.0,0.4,0.1,0.8,1.1,9.1
234,Bryn Forbes,SG,28,DEN,35,1,17.4,2.9,6.9,.424,1.7,4.1,.410,1.3,2.8,.444,.545,1.0,1.1,.921,0.2,0.7,0.9,1.0,0.2,0.1,0.7,1.5,8.6
237,Evan Fournier,SG,29,NYK,80,80,29.5,5.0,12.1,.417,3.0,7.7,.389,2.0,4.3,.465,.541,1.0,1.4,.708,0.4,2.2,2.6,2.1,1.0,0.3,1.3,2.3,14.1
239,Melvin Frazier,SG,25,OKC,3,0,40.0,4.3,16.0,.271,0.3,7.0,.048,4.0,9.0,.444,.281,1.7,2.3,.714,1.7,2.7,4.3,0.3,0.3,0.0,1.0,2.7,10.7
253,Langston Galloway,SG,30,BRK,4,0,14.5,1.3,3.3,.385,0.5,2.0,.250,0.8,1.3,.600,.462,0.0,0.0,0,0.3,1.8,2.0,1.3,0.0,0.0,1.3,1.3,3.0
254,Langston Galloway,SG,30,MIL,3,0,16.3,0.3,4.3,.077,0.0,2.7,.000,0.3,1.7,.200,.077,0.0,0.0,0,0.7,2.7,3.3,2.3,0.3,0.0,0.3,0.7,0.7
268,Jordan Goodwin,SG,23,WAS,2,0,3.0,0.0,1.5,.000,0.0,0.5,.000,0.0,1.0,.000,.000,0.0,0.0,0,0.0,0.5,0.5,0.0,0.0,0.0,0.0,0.5,0.0
270,Eric Gordon,SG,33,HOU,57,46,29.3,4.7,9.9,.475,2.2,5.3,.412,2.5,4.6,.548,.585,1.8,2.4,.778,0.3,1.7,2.0,2.7,0.5,0.3,1.9,1.1,13.4
277,Jalen Green,SG,19,HOU,67,67,31.9,6.1,14.2,.426,2.3,6.8,.343,3.7,7.4,.502,.508,2.8,3.5,.797,0.5,2.9,3.4,2.6,0.7,0.3,2.0,1.5,17.3
281,Josh Green,SG,21,DAL,67,3,15.5,1.9,3.8,.508,0.4,1.2,.359,1.5,2.7,.573,.563,0.5,0.7,.689,0.8,1.6,2.4,1.2,0.7,0.2,0.7,1.7,4.8
283,Quentin Grimes,SG,21,NYK,46,6,17.1,2.1,5.1,.404,1.6,4.1,.381,0.5,1.0,.500,.557,0.3,0.4,.684,0.5,1.5,2.0,1.0,0.7,0.2,0.6,1.6,6.0
287,Tyrese Haliburton,SG,21,SAC,51,51,34.5,5.3,11.5,.457,2.0,4.9,.413,3.2,6.5,.491,.546,1.7,2.0,.837,0.8,3.1,3.9,7.4,1.7,0.7,2.3,1.4,14.3
289,Tyler Hall,SG,24,NYK,1,0,2.0,0.0,0.0,0,0.0,0.0,0,0.0,0.0,0,0,0.0,0.0,0,0.0,0.0,0.0,0.0,0.0,0.0,0.0,0.0,0.0
290,R.J. Hampton,SG,20,ORL,64,14,21.9,2.7,7.1,.383,1.0,2.9,.350,1.7,4.3,.405,.453,1.2,1.8,.641,0.4,2.7,3.0,2.5,0.7,0.2,1.4,1.6,7.6
291,Tim Hardaway Jr.,SG,29,DAL,42,20,29.6,5.0,12.6,.394,2.4,7.2,.336,2.5,5.4,.473,.491,1.9,2.5,.757,0.3,3.4,3.7,2.2,0.9,0.1,0.8,1.8,14.2
301,Gary Harris,SG,27,ORL,61,30,28.4,3.9,9.1,.434,1.9,5.0,.384,2.0,4.1,.494,.539,1.4,1.6,.874,0.6,1.4,2.0,1.8,1.0,0.1,1.0,1.8,11.1
304,Shaquille Harrison,SG,28,BRK,2,0,11.5,1.0,3.0,.333,0.0,1.0,.000,1.0,2.0,.500,.333,0.0,0.0,0,0.5,1.5,2.0,1.5,0.5,0.5,1.0,1.5,2.0
306,Josh Hart,SG,26,NOP,41,40,33.5,4.8,9.4,.505,1.0,3.2,.323,3.7,6.2,.598,.560,2.8,3.8,.753,1.3,6.5,7.8,4.1,1.1,0.3,2.0,2.9,13.4
307,Josh Hart,SG,26,POR,13,13,32.1,7.1,14.1,.503,2.4,6.4,.373,4.7,7.7,.610,.587,3.4,4.4,.772,0.7,4.7,5.4,4.3,1.2,0.2,2.5,2.5,19.9
322,Buddy Hield,SG,29,SAC,55,6,28.6,4.8,12.6,.382,3.3,9.0,.368,1.5,3.6,.419,.514,1.5,1.7,.870,0.8,3.2,4.0,1.9,0.9,0.3,1.6,2.1,14.4
323,Buddy Hield,SG,29,IND,26,26,35.6,7.0,15.6,.447,3.1,8.5,.362,3.9,7.1,.549,.546,1.2,1.3,.886,0.9,4.2,5.1,4.8,1.0,0.4,2.4,2.7,18.2
327,Malcolm Hill,SG,26,ATL,3,0,15.3,1.7,2.7,.625,1.0,1.7,.600,0.7,1.0,.667,.813,1.3,1.3,1.000,0.7,1.3,2.0,0.3,1.3,0.3,0.0,2.3,5.7
331,Nate Hinton,SG,22,IND,2,0,1.0,0.0,0.5,.000,0.0,0.0,0,0.0,0.5,.000,.000,0.0,0.0,0,0.0,0.0,0.0,0.0,0.0,0.0,0.5,0.0,0.0
339,Justin Holiday,SG,32,SAC,25,25,25.6,2.8,8.2,.348,2.0,5.8,.342,0.8,2.3,.362,.471,0.6,0.8,.762,0.4,1.8,2.2,1.5,0.8,0.6,0.8,2.0,8.3
344,Scotty Hopson,SG,32,OKC,1,0,18.0,2.0,4.0,.500,0.0,1.0,.000,2.0,3.0,.667,.500,0.0,0.0,0,0.0,1.0,1.0,1.0,0.0,0.0,2.0,1.0,4.0
346,Talen Horton-Tucker,SG,21,LAL,60,19,25.2,3.7,9.0,.416,0.8,3.0,.269,2.9,5.9,.492,.462,1.7,2.1,.800,0.6,2.6,3.2,2.7,1.0,0.5,1.4,2.5,10.0
352,Markus Howard,SG,22,DEN,31,0,5.7,1.3,3.3,.386,0.9,2.3,.400,0.4,1.0,.355,.525,0.6,0.7,.870,0.1,0.3,0.4,0.2,0.3,0.0,0.2,0.5,4.1
357,Elijah Hughes,SG,23,POR,22,3,14.6,1.5,4.9,.296,0.7,3.0,.224,0.8,1.9,.415,.366,0.2,0.3,.667,0.2,1.7,1.9,0.7,0.5,0.3,0.5,1.5,3.8
362,Bones Hyland,SG,21,DEN,69,4,19.0,3.3,8.3,.403,1.9,5.2,.366,1.4,3.1,.465,.518,1.6,1.8,.856,0.2,2.5,2.7,2.8,0.6,0.3,1.2,2.2,10.1
380,Reggie Jackson,SG,31,LAC,75,75,31.2,6.4,16.3,.392,2.2,6.8,.326,4.2,9.5,.439,.460,1.8,2.2,.847,0.5,3.1,3.6,4.8,0.7,0.2,2.3,2.1,16.8
382,DeJon Jarreau,SG,24,IND,1,0,1.0,0.0,0.0,0,0.0,0.0,0,0.0,0.0,0,0,0.0,0.0,0,0.0,0.0,0.0,0.0,0.0,0.0,0.0,0.0,0.0
384,Ty Jerome,SG,24,OKC,48,4,16.7,2.6,6.8,.378,1.1,3.9,.290,1.5,3.0,.493,.460,0.8,1.0,.809,0.4,1.2,1.6,2.3,0.6,0.1,0.8,1.5,7.1
385,Isaiah Joe,SG,22,PHI,55,1,11.1,1.1,3.2,.350,0.8,2.5,.333,0.3,0.8,.405,.477,0.5,0.6,.935,0.1,0.9,1.0,0.6,0.3,0.1,0.3,0.9,3.6
396,Joe Johnson,SG,40,BOS,1,0,2.0,1.0,1.0,1.000,0.0,0.0,0,1.0,1.0,1.000,1.000,0.0,0.0,0,0.0,0.0,0.0,0.0,0.0,0.0,0.0,0.0,2.0
399,Keon Johnson,SG,19,LAC,15,0,9.0,1.1,3.4,.333,0.2,0.7,.273,0.9,2.7,.350,.363,1.1,1.4,.762,0.4,1.0,1.4,0.9,0.5,0.1,0.5,1.4,3.5
400,Keon Johnson,SG,19,POR,22,12,25.5,3.6,10.0,.357,1.4,4.0,.348,2.2,6.0,.364,.428,1.1,1.4,.833,0.8,1.9,2.7,2.9,1.0,0.5,1.8,2.2,9.7
414,Mason Jones,SG,23,LAL,4,0,12.8,1.8,3.8,.467,0.3,1.0,.250,1.5,2.8,.545,.500,3.0,3.8,.800,0.3,2.3,2.5,1.0,0.5,0.0,0.3,2.0,6.8
426,Luke Kennard,SG,25,LAC,70,13,27.4,4.1,9.1,.449,2.7,6.0,.449,1.4,3.1,.449,.598,1.0,1.1,.896,0.3,3.0,3.3,2.1,0.6,0.1,0.9,1.4,11.9
440,Furkan Korkmaz,SG,24,PHI,67,19,21.1,2.7,7.0,.387,1.1,4.0,.289,1.6,3.0,.515,.469,1.0,1.3,.810,0.3,2.3,2.6,1.9,0.5,0.1,0.7,0.9,7.6
445,Vit Krejci,SG,21,OKC,30,8,23.0,2.3,5.6,.407,1.1,3.3,.327,1.2,2.3,.522,.503,0.6,0.7,.864,0.6,2.8,3.4,1.9,0.6,0.3,1.0,2.2,6.2
453,Jeremy Lamb,SG,29,SAC,17,0,18.9,2.8,7.0,.403,0.9,3.1,.302,1.9,3.9,.485,.471,1.3,1.5,.846,0.6,2.9,3.5,1.8,0.5,0.5,0.8,0.9,7.9
456,Romeo Langford,SG,22,BOS,44,5,16.5,1.8,4.2,.429,0.7,1.9,.349,1.1,2.3,.495,.508,0.5,0.8,.588,0.7,1.7,2.4,0.4,0.5,0.4,0.4,1.0,4.7
457,Romeo Langford,SG,22,SAS,4,0,10.8,1.0,1.8,.571,0.0,0.5,.000,1.0,1.3,.800,.571,0.8,2.0,.375,0.0,1.0,1.0,0.5,0.3,0.0,0.0,0.3,2.8
458,Zach LaVine,SG,26,CHI,67,67,34.7,8.4,17.7,.476,2.8,7.1,.389,5.7,10.6,.534,.554,4.8,5.6,.853,0.3,4.3,4.6,4.5,0.6,0.3,2.6,1.8,24.4
460,Damion Lee,SG,29,GSW,63,5,19.9,2.7,6.1,.441,1.0,3.0,.337,1.7,3.1,.541,.523,1.0,1.2,.880,0.4,2.8,3.2,1.0,0.6,0.1,0.6,1.5,7.4
464,Caris LeVert,SG,27,IND,39,39,31.1,7.1,15.9,.447,1.6,4.8,.323,5.6,11.1,.501,.496,2.8,3.7,.760,0.8,3.1,3.8,4.4,0.9,0.5,1.9,2.3,18.7
465,Caris LeVert,SG,27,CLE,19,10,29.8,5.3,12.2,.435,1.1,3.5,.313,4.2,8.7,.485,.481,1.8,2.5,.745,0.7,2.7,3.4,3.9,0.8,0.3,1.7,2.1,13.6
467,Scottie Lewis,SG,21,CHO,2,0,3.5,0.0,0.0,0,0.0,0.0,0,0.0,0.0,0,0,0.5,1.0,.500,0.0,0.0,0.0,0.5,0.5,0.0,0.0,0.0,0.5
476,Didi Louzada,SG,22,POR,7,1,17.4,1.7,4.3,.400,1.3,2.9,.450,0.4,1.4,.300,.550,0.3,0.3,1.000,0.4,1.7,2.1,0.6,0.3,0.3,0.7,1.9,5.0
480,Gabriel Lundberg,SG,27,PHO,4,0,11.0,1.3,4.8,.263,0.8,2.0,.375,0.5,2.8,.182,.342,0.0,0.0,0,0.5,1.3,1.8,2.8,0.8,0.0,0.8,1.8,3.3
498,Garrison Mathews,SG,25,HOU,65,33,26.3,2.8,7.1,.399,2.1,5.9,.360,0.7,1.2,.600,.550,2.2,2.8,.794,0.5,2.4,2.9,1.0,0.9,0.4,0.6,2.6,10.0
500,Wesley Matthews,SG,35,MIL,49,14,20.4,1.8,4.5,.395,1.1,3.2,.338,0.7,1.3,.540,.516,0.4,0.6,.786,0.6,1.3,1.9,0.7,0.5,0.2,0.4,1.8,5.1
502,Skylar Mays,SG,24,ATL,28,5,7.9,1.1,2.3,.500,0.3,0.9,.320,0.9,1.4,.615,.563,0.3,0.3,.889,0.2,0.7,0.9,0.6,0.3,0.0,0.4,0.3,2.9
507,Mac McClung,SG,23,LAL,1,0,22.0,2.0,5.0,.400,1.0,3.0,.333,1.0,2.0,.500,.500,1.0,1.0,1.000,0.0,3.0,3.0,1.0,1.0,1.0,2.0,5.0,6.0
509,CJ McCollum,SG,30,POR,36,36,35.2,8.1,18.5,.436,3.1,8.0,.384,5.0,10.4,.476,.520,1.3,1.9,.706,0.9,3.3,4.3,4.5,1.0,0.6,1.9,2.1,20.5
517,Rodney McGruder,SG,30,DET,51,2,14.8,1.9,4.4,.436,1.1,2.9,.397,0.8,1.5,.506,.564,0.4,0.5,.731,0.6,1.6,2.2,0.9,0.4,0.1,0.5,1.1,5.4
521,Ben McLemore,SG,28,POR,64,6,20.1,3.4,8.4,.401,2.4,6.5,.362,1.0,1.9,.533,.541,1.1,1.4,.818,0.2,1.4,1.6,0.9,0.6,0.2,0.9,1.6,10.2
526,C.J. Miles,SG,34,BOS,1,0,2.0,0.0,0.0,0,0.0,0.0,0,0.0,0.0,0,0,0.0,0.0,0,0.0,0.0,0.0,0.0,0.0,0.0,0.0,1.0,0.0
527,Patty Mills,SG,33,BRK,81,48,29.0,4.0,9.8,.408,2.8,7.0,.400,1.2,2.8,.429,.551,0.6,0.7,.814,0.2,1.7,1.9,2.3,0.6,0.2,0.9,1.4,11.4
532,Shake Milton,SG,25,PHI,55,6,21.4,3.1,7.3,.429,0.8,2.4,.323,2.4,4.9,.481,.483,1.1,1.3,.836,0.5,2.0,2.6,2.5,0.5,0.3,0.8,1.8,8.2
534,Donovan Mitchell,SG,25,UTA,67,67,33.8,9.2,20.5,.448,3.5,9.8,.355,5.7,10.8,.533,.533,4.0,4.7,.853,0.8,3.4,4.2,5.3,1.5,0.2,3.0,2.4,25.9
536,Malik Monk,SG,23,LAL,76,37,28.1,5.1,10.9,.473,2.3,5.8,.391,2.9,5.1,.568,.578,1.2,1.5,.795,0.5,2.9,3.4,2.9,0.8,0.4,1.6,1.8,13.8
542,Moses Moody,SG,19,GSW,52,11,11.7,1.5,3.5,.437,0.8,2.1,.364,0.8,1.4,.548,.546,0.5,0.7,.778,0.3,1.2,1.5,0.4,0.1,0.2,0.3,0.8,4.4
543,Xavier Moon,SG,27,LAC,10,0,13.7,2.5,5.1,.490,0.5,1.4,.357,2.0,3.7,.541,.539,0.3,0.5,.600,0.2,1.2,1.4,2.4,0.7,0.3,0.6,0.9,5.8
544,Matt Mooney,SG,25,NYK,1,0,2.0,0.0,1.0,.000,0.0,1.0,.000,0.0,0.0,0,.000,0.0,0.0,0,0.0,0.0,0.0,0.0,1.0,0.0,1.0,0.0,0.0
549,Jaylen Morris,SG,26,SAS,3,0,5.3,0.0,2.0,.000,0.0,0.7,.000,0.0,1.3,.000,.000,0.7,1.3,.500,0.0,0.7,0.7,0.7,0.0,0.0,0.3,0.7,0.7
557,Ade Murkey,SG,24,SAC,1,0,1.0,0.0,0.0,0,0.0,0.0,0,0.0,0.0,0,0,0.0,0.0,0,0.0,0.0,0.0,0.0,0.0,0.0,0.0,0.0,0.0
567,RJ Nembhard Jr.,SG,22,CLE,14,0,4.5,0.4,1.3,.333,0.0,0.1,.000,0.4,1.1,.375,.333,0.2,0.3,.750,0.2,0.3,0.5,0.9,0.1,0.0,0.2,0.1,1.1
572,Daishen Nix,SG,19,HOU,24,0,10.9,1.1,2.8,.403,0.3,1.1,.269,0.8,1.7,.488,.455,0.7,1.3,.533,0.3,1.1,1.4,1.7,0.6,0.0,1.1,0.9,3.2
575,Jaylen Nowell,SG,22,MIN,62,1,15.7,3.2,6.7,.475,1.0,2.6,.394,2.1,4.1,.526,.551,1.2,1.5,.783,0.4,1.6,2.0,2.1,0.4,0.2,0.6,1.2,8.5
576,Frank Ntilikina,SG,23,DAL,58,5,11.8,1.5,3.8,.399,0.7,1.9,.342,0.9,1.9,.455,.484,0.4,0.4,.960,0.2,1.2,1.4,1.2,0.5,0.1,0.5,1.1,4.1
586,Josh Okogie,SG,23,MIN,49,6,10.5,0.9,2.1,.404,0.3,1.0,.298,0.6,1.2,.491,.471,0.7,1.0,.686,0.6,0.8,1.4,0.5,0.5,0.2,0.5,1.1,2.7
594,Miye Oni,SG,24,UTA,16,0,2.8,0.1,0.6,.222,0.1,0.5,.125,0.1,0.1,1.000,.278,0.0,0.1,.000,0.1,0.4,0.4,0.3,0.0,0.0,0.1,0.4,0.3
599,Trayvon Palmer,SG,27,DET,1,0,17.0,0.0,1.0,.000,0.0,0.0,0,0.0,1.0,.000,.000,0.0,0.0,0,0.0,2.0,2.0,0.0,0.0,0.0,1.0,2.0,0.0
607,Gary Payton II,SG,29,GSW,71,16,17.6,3.0,4.8,.616,0.6,1.7,.358,2.4,3.2,.754,.679,0.5,0.8,.603,1.0,2.5,3.5,0.9,1.4,0.3,0.6,1.8,7.1
618,Jordan Poole,SG,22,GSW,76,51,30.0,6.2,13.9,.448,2.8,7.6,.364,3.5,6.3,.550,.548,3.2,3.5,.925,0.4,3.0,3.4,4.0,0.8,0.3,2.5,2.7,18.5
631,Norman Powell,SG,28,LAC,5,2,25.0,6.4,12.6,.508,2.6,4.8,.542,3.8,7.8,.487,.611,6.0,7.0,.857,0.6,2.2,2.8,2.8,0.4,0.8,1.4,2.8,21.4
636,Trevelin Queen,SG,24,HOU,10,0,7.4,1.5,3.3,.455,0.9,2.4,.375,0.6,0.9,.667,.591,0.4,0.4,1.000,0.7,0.9,1.6,0.4,0.5,0.1,0.7,0.6,4.3
639,Jahmi'us Ramsey,SG,20,SAC,19,0,7.1,1.3,3.1,.414,0.3,0.9,.278,1.0,2.1,.475,.457,0.4,0.7,.500,0.2,0.5,0.7,0.4,0.1,0.1,0.3,0.5,3.2
641,Austin Reaves,SG,23,LAL,61,19,23.2,2.4,5.2,.459,0.9,2.7,.317,1.5,2.5,.616,.542,1.6,1.9,.839,0.7,2.4,3.2,1.8,0.5,0.3,0.7,1.4,7.3
645,Davon Reed,SG,26,DEN,48,5,13.9,1.7,3.4,.503,0.8,1.8,.430,0.9,1.6,.587,.618,0.2,0.3,.667,0.3,2.0,2.3,1.1,0.5,0.2,0.3,1.3,4.4
650,Josh Richardson,SG,28,BOS,44,0,24.7,3.5,7.8,.443,1.4,3.5,.397,2.0,4.3,.481,.534,1.4,1.6,.859,0.6,2.3,2.8,1.5,0.8,0.5,0.9,1.9,9.7
651,Josh Richardson,SG,28,SAS,21,7,24.4,3.9,9.1,.429,1.9,4.3,.444,2.0,4.8,.416,.534,1.7,1.8,.946,0.8,2.1,2.9,2.3,1.0,0.3,1.3,1.6,11.4
652,Austin Rivers,SG,29,DEN,67,18,22.1,2.2,5.2,.417,1.2,3.4,.342,1.0,1.8,.563,.530,0.5,0.7,.727,0.3,1.4,1.7,1.3,0.8,0.1,0.8,1.8,6.0
666,Terrence Ross,SG,30,ORL,63,0,23.0,3.5,8.8,.397,1.2,4.2,.292,2.3,4.6,.493,.467,1.8,2.1,.862,0.3,2.2,2.6,1.8,0.4,0.2,1.2,1.1,10.0
667,Terry Rozier,SG,27,CHO,73,73,33.7,7.1,16.0,.444,3.0,8.1,.374,4.1,7.9,.516,.539,2.1,2.4,.852,0.8,3.5,4.3,4.5,1.3,0.3,1.3,1.6,19.3
676,Tomáš Satoranský,SG,30,NOP,32,3,15.0,1.0,3.3,.299,0.2,1.0,.161,0.8,2.4,.355,.322,0.6,0.8,.760,0.6,1.4,2.0,2.4,0.4,0.0,0.7,1.0,2.8
679,Jordan Schakel,SG,23,WAS,4,0,7.5,0.3,2.8,.091,0.3,1.5,.167,0.0,1.3,.000,.136,0.5,0.5,1.000,0.5,1.5,2.0,0.0,0.3,0.0,0.3,0.0,1.3
685,Jay Scrubb,SG,21,LAC,18,0,6.7,1.0,2.6,.391,0.3,1.2,.286,0.7,1.4,.480,.457,0.4,0.6,.700,0.1,0.8,0.9,0.4,0.2,0.2,0.4,0.5,2.7
686,Wayne Selden,SG,27,NYK,3,0,6.3,0.3,1.3,.250,0.3,0.7,.500,0.0,0.7,.000,.375,0.7,1.3,.500,0.0,0.3,0.3,0.3,0.0,0.0,0.0,0.3,1.7
688,Collin Sexton,SG,23,CLE,11,11,28.7,6.2,13.7,.450,1.0,4.1,.244,5.2,9.6,.538,.487,2.6,3.5,.744,1.2,2.1,3.3,2.1,0.9,0.0,2.8,2.3,16.0
689,Landry Shamet,SG,24,PHO,69,14,20.8,2.8,7.0,.394,1.8,4.8,.368,1.0,2.2,.450,.521,1.0,1.2,.840,0.2,1.6,1.8,1.6,0.4,0.1,0.6,1.3,8.3
697,Anfernee Simons,SG,22,POR,57,30,29.5,6.2,14.0,.443,3.1,7.8,.405,3.1,6.2,.490,.555,1.8,2.0,.888,0.5,2.2,2.6,3.9,0.5,0.1,2.0,1.9,17.3
700,Deividas Sirvydis,SG,21,DET,3,0,9.0,0.3,3.3,.100,0.3,2.3,.143,0.0,1.0,.000,.150,0.0,0.0,0,0.0,2.0,2.0,0.3,1.0,0.3,0.0,1.3,1.0
716,Tony Snell,SG,30,POR,38,10,14.4,0.9,2.6,.371,0.6,2.0,.320,0.3,0.6,.545,.495,0.1,0.1,1.000,0.3,1.6,1.9,0.5,0.2,0.2,0.3,1.2,2.6
717,Tony Snell,SG,30,NOP,15,2,18.5,2.2,4.9,.446,1.4,3.5,.396,0.8,1.4,.571,.588,0.1,0.1,1.000,0.3,1.7,2.1,0.5,0.5,0.1,0.5,1.7,5.9
718,Jaden Springer,SG,19,PHI,2,0,3.0,0.5,0.5,1.000,0.0,0.0,0,0.5,0.5,1.000,1.000,0.0,0.0,0,0.5,0.5,1.0,0.0,0.0,1.0,0.5,0.0,1.0
719,Cassius Stanley,SG,22,DET,9,1,17.2,2.1,5.1,.413,0.4,1.9,.235,1.7,3.2,.517,.457,1.1,1.1,1.000,0.6,1.6,2.1,0.4,0.6,0.2,0.7,1.9,5.8
722,Nik Stauskas,SG,28,BOS,6,0,2.5,0.3,1.0,.333,0.3,1.0,.333,0.0,0.0,0,.500,0.2,0.3,.500,0.0,0.0,0.0,0.2,0.0,0.0,0.2,0.0,1.2
724,Lance Stephenson,SG,31,ATL,6,0,11.7,0.8,2.2,.385,0.0,0.5,.000,0.8,1.7,.500,.385,0.2,0.3,.500,0.2,2.3,2.5,1.8,0.0,0.0,0.7,1.3,1.8
731,Craig Sword,SG,28,WAS,3,0,6.3,1.0,1.3,.750,0.0,0.3,.000,1.0,1.0,1.000,.750,0.0,0.0,0,0.0,0.0,0.0,0.3,1.3,0.0,0.3,2.3,2.0
736,Garrett Temple,SG,35,NOP,59,16,18.6,1.9,5.0,.376,1.0,3.1,.319,0.9,1.9,.473,.476,0.5,0.7,.683,0.5,1.9,2.4,1.3,0.7,0.4,0.7,1.4,5.2
743,Brodric Thomas,SG,25,BOS,12,0,5.0,0.7,1.5,.444,0.2,0.8,.222,0.5,0.8,.667,.500,0.3,0.4,.600,0.2,0.7,0.8,0.9,0.1,0.1,0.5,0.6,1.8
744,Cam Thomas,SG,20,BRK,67,2,17.6,3.3,7.5,.433,0.7,2.6,.270,2.6,4.9,.520,.480,1.3,1.6,.829,0.2,2.2,2.4,1.2,0.5,0.1,0.8,1.0,8.5
749,Matt Thomas,SG,27,CHI,40,0,11.5,1.4,3.4,.410,0.9,2.3,.385,0.5,1.1,.465,.541,0.4,0.5,.800,0.1,1.2,1.3,0.5,0.2,0.1,0.2,0.5,4.0
750,Klay Thompson,SG,31,GSW,32,32,29.4,7.7,17.9,.429,3.6,9.3,.385,4.1,8.7,.477,.529,1.4,1.6,.902,0.5,3.4,3.9,2.8,0.5,0.5,1.3,1.7,20.4
756,Matisse Thybulle,SG,24,PHI,66,50,25.5,2.3,4.5,.500,0.7,2.2,.313,1.6,2.4,.673,.575,0.5,0.7,.791,0.6,1.7,2.3,1.1,1.7,1.1,0.6,2.4,5.7
767,Rayjon Tucker,SG,24,DEN,3,0,9.7,0.3,0.7,.500,0.3,0.7,.500,0.0,0.0,0,.750,1.0,1.3,.750,0.3,1.0,1.3,1.3,0.3,0.0,0.0,1.0,2.0
768,Rayjon Tucker,SG,24,MIL,2,0,21.0,2.5,3.5,.714,1.5,1.5,1.000,1.0,2.0,.500,.929,1.0,1.5,.667,1.0,1.0,2.0,3.0,1.5,0.0,0.5,1.0,7.5
772,Denzel Valentine,SG,28,CLE,22,0,9.3,1.0,2.8,.371,0.8,2.0,.409,0.2,0.8,.278,.516,0.0,0.0,0,0.4,1.3,1.7,0.5,0.3,0.0,0.5,0.8,2.9
773,Denzel Valentine,SG,28,UTA,2,0,9.0,1.0,2.0,.500,0.5,1.5,.333,0.5,0.5,1.000,.625,0.0,0.0,0,0.0,2.0,2.0,0.0,0.5,0.0,1.0,1.5,2.5
785,Lonnie Walker IV,SG,23,SAS,70,6,23.0,4.4,10.9,.407,1.6,5.0,.314,2.9,5.9,.487,.480,1.7,2.1,.784,0.3,2.3,2.6,2.2,0.6,0.3,1.0,1.4,12.1
786,M.J. Walker,SG,23,PHO,2,0,4.0,0.0,2.0,.000,0.0,1.0,.000,0.0,1.0,.000,.000,0.0,0.0,0,0.0,0.5,0.5,0.5,1.0,0.0,0.0,0.5,0.0
787,Tyrone Wallace,SG,27,NOP,6,0,12.5,1.2,3.3,.350,0.3,1.3,.250,0.8,2.0,.417,.400,0.2,0.8,.200,0.0,1.3,1.3,0.2,0.5,0.2,0.3,1.2,2.8
795,Lindy Waters III,SG,24,OKC,25,1,18.6,2.8,7.0,.406,2.1,5.8,.363,0.7,1.2,.621,.557,0.2,0.2,.800,0.2,2.7,2.9,1.0,0.8,0.3,0.4,1.2,8.0
801,Quinndary Weatherspoon,SG,25,GSW,11,0,6.6,1.1,1.9,.571,0.1,0.5,.200,1.0,1.5,.688,.595,0.5,0.5,1.000,0.2,1.1,1.3,0.5,0.1,0.1,0.3,1.4,2.7
805,Derrick White,SG,27,SAS,49,48,30.3,5.0,11.6,.426,1.7,5.3,.314,3.3,6.4,.519,.497,2.8,3.3,.869,0.5,3.0,3.5,5.6,1.0,0.9,1.8,2.4,14.4
806,Derrick White,SG,27,BOS,26,4,27.4,3.6,8.8,.409,1.3,4.3,.306,2.3,4.6,.504,.483,2.5,2.9,.853,0.5,2.9,3.4,3.5,0.6,0.6,1.2,2.2,11.0
808,Joe Wieskamp,SG,22,SAS,29,0,7.1,0.7,1.9,.357,0.5,1.5,.326,0.2,0.4,.462,.482,0.2,0.4,.538,0.1,0.3,0.5,0.3,0.1,0.1,0.1,0.5,2.1
810,Aaron Wiggins,SG,23,OKC,50,35,24.2,3.1,6.7,.463,0.8,2.8,.304,2.3,4.0,.573,.525,1.2,1.7,.729,1.0,2.5,3.6,1.4,0.6,0.2,1.1,1.9,8.3
828,Delon Wright,SG,29,ATL,77,8,18.9,1.6,3.5,.454,0.6,1.5,.379,1.0,2.0,.510,.535,0.7,0.8,.857,0.6,2.2,2.9,2.4,1.2,0.2,0.6,0.7,4.4
833,Gabe York,SG,28,IND,2,0,10.5,1.0,3.5,.286,0.5,3.0,.167,0.5,0.5,1.000,.357,1.5,2.5,.600,0.0,1.0,1.0,2.0,1.0,0.5,0.5,2.0,4.0
